spec,outcome,coef_lag1,se,pval,R2,N
bivariate,score_diff_usd,-25.69432857295036,0.17004631524324387,0.0,0.020661566083861826,727784
+ controls,score_diff_usd,-20.076922721471895,0.2555356903559946,0.0,0.022944432042426133,727784
+ cell FE,score_diff_usd,0.8443068460341359,0.30535751368472014,0.0056926612928420795,0.0063172763644999685,727784
+ controls,solver_rent_usd,-21.455260580202484,0.2905684854502824,0.0,0.017344350637081063,617402
