Outcome,Spec,Coef(Fragility),SE,p-value,R2,N
solver_rent_usd,no_fe,65.3063088753414,0.5392141300779272,0.0,0.07485830745964317,680839
solver_rent_usd,pair_chain_fe,69.25570562719724,0.5655154763329855,0.0,0.07742510927178847,680839
score_gap_bps,no_fe,-653.9457440826703,16.09680976305434,0.0,0.1064284592967567,493653
score_gap_bps,pair_chain_fe,-99.76679619932182,9.866465118884424,4.9022993368246005e-24,0.3901686160801975,493653
