frag_bucket,n,median_bps,pct_router_better,mean_frag
0-0.1,195780,-1.4997750112877295,0.5228470732454796,0.02489867336113827
0.1-0.3,45036,-1.4997754016010667,0.533462119193534,0.1788843942866797
0.3-0.5,20171,-1.5015776313165308,0.5387437410143275,0.39245568327682967
0.5-0.75,17710,-1.939114108075457,0.5507622811970638,0.6203692177314044
0.75-1.0,63570,-2.254728619749402,0.5764354255151801,0.9643764168383098
