segment,n_cell_windows,frac_vuln_unweighted,frac_vuln_auction_weighted,frac_sparse_support,median_max_share
all,91390,0.9955027902396324,0.9713945367560671,0.8644052959842433,1.0
blue_chip,1316,0.9627659574468085,0.9530800657637892,0.22112462006079028,0.5
long_tail,90074,0.9959810822212847,0.9781725681725681,0.8738037613517774,1.0
small,9740,0.9994866529774127,0.988988119745776,0.9385010266940452,1.0
large,31597,0.9942083109155933,0.9463649293523924,0.8559040415229294,1.0
